05-43-32-ff-02-d9-21-56,m3-10
05-43-32-ff-03-d8-89-73,m3-100
05-43-32-ff-03-dd-a4-73,m3-102
05-43-32-ff-02-d6-16-54,m3-103
05-43-32-ff-02-da-06-60,m3-104
05-43-32-ff-02-db-28-55,m3-105
05-43-32-ff-02-d9-35-59,m3-106
05-43-32-ff-03-db-b2-89,m3-107
05-43-32-ff-03-da-b1-72,m3-108
05-43-32-ff-02-da-09-58,m3-109
05-43-32-ff-02-d8-14-57,m3-11
05-43-32-ff-02-d5-28-53,m3-110
05-43-32-ff-02-d7-38-58,m3-111
05-43-32-ff-03-da-a2-70,m3-112
05-43-32-ff-02-d5-19-57,m3-113
05-43-32-ff-03-db-b8-72,m3-114
05-43-32-ff-03-d7-a8-90,m3-115
05-43-32-ff-03-db-b4-88,m3-116
05-43-32-ff-02-db-11-54,m3-117
05-43-32-ff-02-d7-25-56,m3-118
05-43-32-ff-02-d5-13-56,m3-119
05-43-32-ff-02-d6-11-58,m3-12
05-43-32-ff-02-d7-07-58,m3-120
05-43-32-ff-02-dc-10-61,m3-121
05-43-32-ff-02-da-31-54,m3-122
05-43-32-ff-03-da-84-73,m3-123
05-43-32-ff-03-d4-b4-71,m3-124
05-43-32-ff-03-de-95-70,m3-125
05-43-32-ff-02-d9-19-56,m3-126
05-43-32-ff-02-d5-35-58,m3-127
05-43-32-ff-02-db-34-55,m3-13
05-43-32-ff-02-d8-19-54,m3-130
05-43-32-ff-03-db-b3-88,m3-131
05-43-32-ff-03-d9-b9-73,m3-132
05-43-32-ff-02-d9-24-51,m3-133
05-43-32-ff-03-dd-b6-70,m3-134
05-43-32-ff-02-da-09-57,m3-135
05-43-32-ff-02-d9-05-61,m3-136
05-43-32-ff-02-d8-26-50,m3-137
05-43-32-ff-02-d4-18-56,m3-138
05-43-32-ff-03-d7-b5-88,m3-14
05-43-32-ff-03-de-90-73,m3-140
05-43-32-ff-02-d8-31-55,m3-141
05-43-32-ff-03-d8-92-70,m3-142
05-43-32-ff-03-d7-87-73,m3-143
05-43-32-ff-03-d8-a1-89,m3-144
05-43-32-ff-03-dc-a1-70,m3-145
05-43-32-ff-03-da-98-77,m3-146
05-43-32-ff-02-d4-13-59,m3-147
05-43-32-ff-03-dc-c2-73,m3-148
05-43-32-ff-03-d6-90-74,m3-149
05-43-32-ff-02-da-21-50,m3-15
05-43-32-ff-03-db-b1-73,m3-151
05-43-32-ff-03-e0-c0-73,m3-152
05-43-32-ff-02-d7-28-50,m3-153
05-43-32-ff-02-da-32-54,m3-154
05-43-32-ff-02-d9-29-55,m3-156
05-43-32-ff-02-da-23-50,m3-157
05-43-32-ff-03-d8-b4-72,m3-158
05-43-32-ff-02-d8-20-50,m3-159
05-43-32-ff-02-d7-26-55,m3-16
05-43-32-ff-02-da-18-55,m3-161
05-43-32-ff-02-d6-22-57,m3-162
05-43-32-ff-02-da-17-54,m3-163
05-43-32-ff-03-d9-86-73,m3-164
05-43-32-ff-03-dd-a0-70,m3-165
05-43-32-ff-03-df-c3-73,m3-166
05-43-32-ff-02-da-13-55,m3-167
05-43-32-ff-02-da-31-59,m3-168
05-43-32-ff-02-d7-29-51,m3-169
05-43-32-ff-02-d6-23-55,m3-17
05-43-32-ff-02-d9-17-51,m3-170
05-43-32-ff-02-db-29-59,m3-171
05-43-32-ff-03-da-a7-71,m3-172
05-43-32-ff-02-d7-11-56,m3-173
05-43-32-ff-02-d7-20-55,m3-174
05-43-32-ff-02-d8-39-62,m3-175
05-43-32-ff-03-da-b9-70,m3-176
05-43-32-ff-03-dc-b3-89,m3-177
05-43-32-ff-02-d9-33-55,m3-179
05-43-32-ff-02-d9-18-54,m3-18
05-43-32-ff-02-d5-24-56,m3-180
05-43-32-ff-02-d9-27-54,m3-181
05-43-32-ff-03-d8-84-74,m3-182
05-43-32-ff-03-db-a8-73,m3-183
05-43-32-ff-02-da-31-58,m3-184
05-43-32-ff-02-d8-30-59,m3-185
05-43-32-ff-03-da-a3-73,m3-186
05-43-32-ff-03-d9-91-73,m3-187
05-43-32-ff-02-d7-13-58,m3-188
05-43-32-ff-03-d8-a2-89,m3-189
05-43-32-ff-02-da-24-55,m3-19
05-43-32-ff-02-d7-34-53,m3-190
05-43-32-ff-03-da-a4-90,m3-191
05-43-32-ff-03-db-a5-73,m3-192
05-43-32-ff-02-d8-38-59,m3-193
05-43-32-ff-03-db-95-73,m3-194
05-43-32-ff-02-dc-21-52,m3-195
05-43-32-ff-02-d6-25-59,m3-196
05-43-32-ff-03-d8-b2-73,m3-197
05-43-32-ff-02-da-14-55,m3-198
05-43-32-ff-02-dc-16-52,m3-199
05-43-32-ff-02-d9-30-51,m3-2
05-43-32-ff-02-dc-33-53,m3-20
05-43-32-ff-03-d9-97-70,m3-200
05-43-32-ff-03-da-a8-71,m3-201
05-43-32-ff-02-d8-27-51,m3-202
05-43-32-ff-03-d8-85-73,m3-203
05-43-32-ff-02-d6-20-52,m3-204
05-43-32-ff-02-d8-18-57,m3-205
05-43-32-ff-02-db-26-51,m3-207
05-43-32-ff-03-d9-88-73,m3-208
05-43-32-ff-03-d6-b5-71,m3-209
05-43-32-ff-02-d6-26-52,m3-21
05-43-32-ff-02-db-12-54,m3-210
05-43-32-ff-02-d9-27-59,m3-211
05-43-32-ff-03-de-b2-70,m3-212
05-43-32-ff-02-da-18-59,m3-213
05-43-32-ff-02-d7-23-52,m3-214
05-43-32-ff-02-db-34-58,m3-215
05-43-32-ff-02-db-31-52,m3-217
05-43-32-ff-03-dc-93-73,m3-218
05-43-32-ff-02-d8-23-59,m3-219
05-43-32-ff-02-d9-27-58,m3-22
05-43-32-ff-03-d9-c2-70,m3-220
05-43-32-ff-03-dc-b8-73,m3-221
05-43-32-ff-03-d8-b2-88,m3-222
05-43-32-ff-02-db-25-52,m3-223
05-43-32-ff-03-d8-b0-70,m3-224
05-43-32-ff-02-db-24-50,m3-226
05-43-32-ff-02-d0-09-59,m3-227
05-43-32-ff-03-dd-b0-73,m3-228
05-43-32-ff-03-db-a7-90,m3-229
05-43-32-ff-02-d7-34-54,m3-23
05-43-32-ff-02-d5-12-58,m3-230
05-43-32-ff-02-d2-21-59,m3-231
05-43-32-ff-02-da-28-51,m3-232
05-43-32-ff-02-d7-12-56,m3-233
05-43-32-ff-02-da-22-51,m3-234
05-43-32-ff-03-d6-a8-89,m3-235
05-43-32-ff-02-d9-31-53,m3-238
05-43-32-ff-02-d9-33-58,m3-239
05-43-32-ff-02-da-10-58,m3-24
05-43-32-ff-02-d7-20-51,m3-241
05-43-32-ff-02-dc-20-54,m3-242
05-43-32-ff-02-d8-15-52,m3-243
05-43-32-ff-02-db-26-59,m3-244
05-43-32-ff-02-da-31-51,m3-245
05-43-32-ff-02-d7-24-54,m3-246
05-43-32-ff-02-d9-15-54,m3-247
05-43-32-ff-02-d7-24-58,m3-248
05-43-32-ff-03-dc-b7-70,m3-249
05-43-32-ff-02-d4-16-56,m3-25
05-43-32-ff-03-dc-b8-71,m3-250
05-43-32-ff-02-da-23-58,m3-252
05-43-32-ff-02-d9-12-57,m3-253
05-43-32-ff-03-d8-b3-71,m3-254
05-43-32-ff-02-da-28-58,m3-255
05-43-32-ff-02-d6-25-54,m3-256
05-43-32-ff-02-d9-08-5,m3-257
05-43-32-ff-03-da-a9-71,m3-258
05-43-32-ff-03-da-91-70,m3-26
05-43-32-ff-03-da-99-73,m3-27
05-43-32-ff-02-d9-11-55,m3-28
05-43-32-ff-02-db-38-62,m3-30
05-43-32-ff-02-d9-07-61,m3-31
05-43-32-ff-02-d9-17-59,m3-32
05-43-32-ff-02-d8-17-58,m3-33
05-43-32-ff-03-db-b3-73,m3-34
05-43-32-ff-03-d7-b1-89,m3-36
05-43-32-ff-03-d7-a4-89,m3-37
05-43-32-ff-02-d9-21-51,m3-38
05-43-32-ff-03-db-b2-71,m3-39
05-43-32-ff-02-db-32-59,m3-4
05-43-32-ff-03-d9-b3-70,m3-40
05-43-32-ff-02-d6-17-57,m3-42
05-43-32-ff-03-dd-c4-73,m3-43
05-43-32-ff-02-d6-11-61,m3-45
05-43-32-ff-03-dc-a0-90,m3-46
05-43-32-ff-03-db-a1-73,m3-47
05-43-32-ff-02-db-16-51,m3-48
05-43-32-ff-03-da-b5-72,m3-49
05-43-32-ff-02-db-14-53,m3-5
05-43-32-ff-03-d8-c0-70,m3-50
05-43-32-ff-03-d7-b0-71,m3-51
05-43-32-ff-03-df-b4-73,m3-52
05-43-32-ff-03-d7-b3-72,m3-53
05-43-32-ff-03-d7-97-73,m3-54
05-43-32-ff-03-d8-a6-89,m3-56
05-43-32-ff-02-da-27-55,m3-57
05-43-32-ff-02-db-18-52,m3-58
05-43-32-ff-02-d8-21-54,m3-59
05-43-32-ff-02-d5-12-55,m3-6
05-43-32-ff-02-d6-09-61,m3-60
05-43-32-ff-02-d4-16-57,m3-61
05-43-32-ff-02-da-37-58,m3-62
05-43-32-ff-03-d9-a6-73,m3-63
05-43-32-ff-03-dd-a2-73,m3-64
05-43-32-ff-03-d9-97-77,m3-65
05-43-32-ff-03-d9-a3-90,m3-66
05-43-32-ff-03-d8-85-74,m3-67
05-43-32-ff-03-da-93-70,m3-69
05-43-32-ff-03-d4-a5-90,m3-7
05-43-32-ff-03-d9-87-74,m3-70
05-43-32-ff-03-d6-86-74,m3-71
05-43-32-ff-03-d9-a0-77,m3-72
05-43-32-ff-02-da-17-56,m3-73
05-43-32-ff-02-dc-28-52,m3-74
05-43-32-ff-02-d7-25-50,m3-76
05-43-32-ff-03-db-99-77,m3-77
05-43-32-ff-02-d8-30-52,m3-78
05-43-32-ff-02-d8-14-54,m3-81
05-43-32-ff-03-d9-b0-89,m3-82
05-43-32-ff-02-dc-14-59,m3-83
05-43-32-ff-02-d5-15-56,m3-84
05-43-32-ff-03-d8-b6-71,m3-85
05-43-32-ff-03-db-b7-71,m3-86
05-43-32-ff-02-db-22-58,m3-87
05-43-32-ff-02-d7-27-50,m3-88
05-43-32-ff-02-da-35-54,m3-89
05-43-32-ff-02-da-10-55,m3-9
05-43-32-ff-02-d8-09-56,m3-90
05-43-32-ff-03-d8-c1-70,m3-91
05-43-32-ff-03-d7-99-89,m3-92
05-43-32-ff-03-db-92-73,m3-93
05-43-32-ff-03-d9-b2-72,m3-94
05-43-32-ff-02-d7-24-59,m3-95
05-43-32-ff-02-da-08-57,m3-96
05-43-32-ff-02-dc-25-55,m3-97
05-43-32-ff-03-dd-98-73,m3-98
05-43-32-ff-03-dc-90-70,m3-99
