05-43-32-ff-03-dd-a4-84,m3-1
05-43-32-ff-03-d9-93-87,m3-10
05-43-32-ff-03-d8-a0-86,m3-100
05-43-32-ff-03-d9-89-84,m3-11
05-43-32-ff-03-d8-95-88,m3-12
05-43-32-ff-03-da-b3-84,m3-13
05-43-32-ff-03-da-b1-87,m3-14
05-43-32-ff-03-db-94-88,m3-15
05-43-32-ff-03-dd-93-85,m3-16
05-43-32-ff-03-da-b5-85,m3-17
05-43-32-ff-03-da-a5-87,m3-18
05-43-32-ff-03-d6-90-83,m3-19
05-43-32-ff-03-dd-a6-85,m3-2
05-43-32-ff-03-da-b7-86,m3-20
05-43-32-ff-03-dc-a3-85,m3-21
05-43-32-ff-03-dd-a4-88,m3-22
05-43-32-ff-03-da-a9-84,m3-23
05-43-32-ff-03-d5-90-84,m3-24
05-43-32-ff-03-d5-a1-87,m3-25
05-43-32-ff-03-dc-a1-85,m3-27
05-43-32-ff-03-d9-a5-86,m3-28
05-43-32-ff-03-dc-a2-84,m3-29
05-43-32-ff-03-d8-97-87,m3-3
05-43-32-ff-03-d8-b0-86,m3-30
05-43-32-ff-03-dd-a8-85,m3-31
05-43-32-ff-03-d7-b2-87,m3-32
05-43-32-ff-03-d8-b2-86,m3-33
05-43-32-ff-03-d8-a7-86,m3-34
05-43-32-ff-03-d9-a7-84,m3-35
05-43-32-ff-03-d7-91-84,m3-36
05-43-32-ff-03-da-a3-86,m3-37
05-43-32-ff-03-d8-95-89,m3-38
05-43-32-ff-03-d9-a1-84,m3-39
05-43-32-ff-03-db-b5-87,m3-40
05-43-32-ff-03-dc-98-85,m3-41
05-43-32-ff-03-d6-b1-86,m3-42
05-43-32-ff-03-dd-92-85,m3-43
05-43-32-ff-03-da-a6-84,m3-44
05-43-32-ff-03-da-b3-85,m3-45
05-43-32-ff-03-da-99-85,m3-46
05-43-32-ff-03-d6-a4-87,m3-47
05-43-32-ff-03-d4-97-89,m3-48
05-43-32-ff-03-d7-a1-86,m3-49
05-43-32-ff-03-da-98-89,m3-5
05-43-32-ff-03-d9-b5-86,m3-50
05-43-32-ff-03-de-a5-85,m3-51
05-43-32-ff-03-d7-96-89,m3-52
05-43-32-ff-03-d6-98-90,m3-53
05-43-32-ff-03-d6-97-88,m3-54
05-43-32-ff-03-db-b4-86,m3-55
05-43-32-ff-03-da-a2-88,m3-56
05-43-32-ff-03-d7-99-86,m3-57
05-43-32-ff-03-da-a7-88,m3-58
05-43-32-ff-03-d9-95-86,m3-59
05-43-32-ff-03-d9-92-87,m3-6
05-43-32-ff-03-db-a6-86,m3-60
05-43-32-ff-03-da-a9-88,m3-61
05-43-32-ff-03-d9-b3-86,m3-62
05-43-32-ff-03-da-98-87,m3-63
05-43-32-ff-03-d2-96-87,m3-64
05-43-32-ff-03-d7-b1-84,m3-7
05-43-32-ff-03-d8-a8-87,m3-8
05-43-32-ff-03-d8-b8-85,m3-9
05-43-32-ff-03-db-92-86,m3-96
05-43-32-ff-03-dc-b7-85,m3-97
